table_rows,max_rows_per_partition,partitions_total,partitions_read,partitions_pruned,rows_in,rows_out,execute_ms_min,execute_ms_median,execute_ms_max,t_in_min,t_in_median,t_in_max,t_out_min,t_out_median,t_out_max
5000,8,625,49,576,392,50,4,4,4,98.00,98.00,98.00,12.50,12.50,12.50
5000,64,79,41,38,2568,50,6,6,7,366.86,428.00,428.00,7.14,8.33,8.33
5000,512,10,10,0,5000,50,7,7,7,714.29,714.29,714.29,7.14,7.14,7.14
5000,2048,3,3,0,5000,50,7,7,7,714.29,714.29,714.29,7.14,7.14,7.14
5000,4096,2,2,0,5000,50,7,7,8,625.00,714.29,714.29,6.25,7.14,7.14
5000,8192,1,1,0,5000,50,7,7,7,714.29,714.29,714.29,7.14,7.14,7.14
10000,8,1250,96,1154,768,100,6,6,6,128.00,128.00,128.00,16.67,16.67,16.67
10000,64,157,79,78,5056,100,9,9,9,561.78,561.78,561.78,11.11,11.11,11.11
10000,512,20,20,0,10000,100,9,10,10,1000.00,1000.00,1111.11,10.00,10.00,11.11
10000,2048,5,5,0,10000,100,9,9,9,1111.11,1111.11,1111.11,11.11,11.11,11.11
10000,4096,3,3,0,10000,100,9,9,9,1111.11,1111.11,1111.11,11.11,11.11,11.11
10000,8192,2,2,0,10000,100,9,9,10,1000.00,1111.11,1111.11,10.00,11.11,11.11
10000,16384,1,1,0,10000,100,9,9,9,1111.11,1111.11,1111.11,11.11,11.11,11.11
50000,8,6250,483,5767,3864,500,20,21,22,175.64,184.00,193.20,22.73,23.81,25.00
50000,64,782,374,408,23936,500,24,24,28,854.86,997.33,997.33,17.86,20.83,20.83
50000,512,98,98,0,50000,500,21,21,22,2272.73,2380.95,2380.95,22.73,23.81,23.81
50000,2048,25,25,0,50000,500,19,19,19,2631.58,2631.58,2631.58,26.32,26.32,26.32
50000,4096,13,13,0,50000,500,19,19,20,2500.00,2631.58,2631.58,25.00,26.32,26.32
50000,8192,7,7,0,50000,500,20,20,21,2380.95,2500.00,2500.00,23.81,25.00,25.00
50000,16384,4,4,0,50000,500,20,21,23,2173.91,2380.95,2500.00,21.74,23.81,25.00
50000,32768,2,2,0,50000,500,22,23,24,2083.33,2173.91,2272.73,20.83,21.74,22.73
100000,8,12500,960,11540,7680,1000,36,38,54,142.22,202.11,213.33,18.52,26.32,27.78
100000,64,1563,748,815,47872,1000,39,41,43,1113.30,1167.61,1227.49,23.26,24.39,25.64
100000,512,196,196,0,100000,1000,32,32,33,3030.30,3125.00,3125.00,30.30,31.25,31.25
100000,2048,49,49,0,100000,1000,27,27,27,3703.70,3703.70,3703.70,37.04,37.04,37.04
100000,4096,25,25,0,100000,1000,28,28,29,3448.28,3571.43,3571.43,34.48,35.71,35.71
100000,8192,13,13,0,100000,1000,28,30,30,3333.33,3333.33,3571.43,33.33,33.33,35.71
100000,16384,7,7,0,100000,1000,30,31,105,952.38,3225.81,3333.33,9.52,32.26,33.33
100000,32768,4,4,0,100000,1000,35,35,35,2857.14,2857.14,2857.14,28.57,28.57,28.57
500000,8,62500,4816,57684,38528,5000,134,143,156,246.97,269.43,287.52,32.05,34.97,37.31
500000,64,7813,3691,4122,236192,5000,142,213,249,948.56,1108.88,1663.32,20.08,23.47,35.21
500000,512,977,970,7,496416,5000,111,113,148,3354.16,4393.06,4472.22,33.78,44.25,45.05
500000,2048,245,245,0,500000,5000,79,88,89,5617.98,5681.82,6329.11,56.18,56.82,63.29
500000,4096,123,123,0,500000,5000,77,77,79,6329.11,6493.51,6493.51,63.29,64.94,64.94
500000,8192,62,62,0,500000,5000,73,74,76,6578.95,6756.76,6849.32,65.79,67.57,68.49
500000,16384,31,31,0,500000,5000,74,75,75,6666.67,6666.67,6756.76,66.67,66.67,67.57
500000,32768,16,16,0,500000,5000,80,80,81,6172.84,6250.00,6250.00,61.73,62.50,62.50
1000000,8,125000,9647,115353,77176,10000,276,279,283,272.71,276.62,279.62,35.34,35.84,36.23
1000000,64,15625,7440,8185,476160,10000,317,376,401,1187.43,1266.38,1502.08,24.94,26.60,31.55
1000000,512,1954,1948,6,996928,10000,169,170,254,3924.91,5864.28,5898.98,39.37,58.82,59.17
1000000,2048,489,489,0,1000000,10000,135,137,139,7194.24,7299.27,7407.41,71.94,72.99,74.07
1000000,4096,245,245,0,1000000,10000,130,131,139,7194.24,7633.59,7692.31,71.94,76.34,76.92
1000000,8192,123,123,0,1000000,10000,125,125,129,7751.94,8000.00,8000.00,77.52,80.00,80.00
1000000,16384,62,62,0,1000000,10000,125,126,146,6849.32,7936.51,8000.00,68.49,79.37,80.00
1000000,32768,31,31,0,1000000,10000,130,144,145,6896.55,6944.44,7692.31,68.97,69.44,76.92
5000000,8,625000,48268,576732,386144,50000,1472,1524,1569,246.11,253.38,262.33,31.87,32.81,33.97
5000000,64,78125,37138,40987,2376832,50000,1232,1241,1397,1701.38,1915.26,1929.25,35.79,40.29,40.58
5000000,512,9766,9713,53,4972864,50000,783,829,854,5823.03,5998.63,6351.04,58.55,60.31,63.86
5000000,2048,2442,2442,0,5000000,50000,547,573,612,8169.93,8726.00,9140.77,81.70,87.26,91.41
5000000,4096,1221,1221,0,5000000,50000,510,518,520,9615.38,9652.51,9803.92,96.15,96.53,98.04
5000000,8192,611,611,0,5000000,50000,498,503,513,9746.59,9940.36,10040.16,97.47,99.40,100.40
5000000,16384,306,306,0,5000000,50000,487,494,510,9803.92,10121.46,10266.94,98.04,101.21,102.67
5000000,32768,153,153,0,5000000,50000,484,490,506,9881.42,10204.08,10330.58,98.81,102.04,103.31
10000000,8,1250000,96564,1153436,772512,100000,17458,17696,18997,40.66,43.65,44.25,5.26,5.65,5.73
10000000,64,156250,74012,82238,4736768,100000,2597,3200,3579,1323.49,1480.24,1823.94,27.94,31.25,38.51
10000000,512,19532,19431,101,9948288,100000,1490,1508,1611,6175.23,6597.01,6676.70,62.07,66.31,67.11
10000000,2048,4883,4883,0,10000000,100000,1094,1119,1147,8718.40,8936.55,9140.77,87.18,89.37,91.41
10000000,4096,2442,2442,0,10000000,100000,990,992,1268,7886.44,10080.65,10101.01,78.86,100.81,101.01
10000000,8192,1221,1221,0,10000000,100000,947,952,978,10224.95,10504.20,10559.66,102.25,105.04,105.60
10000000,16384,611,611,0,10000000,100000,934,952,967,10341.26,10504.20,10706.64,103.41,105.04,107.07
10000000,32768,306,306,0,10000000,100000,918,926,948,10548.52,10799.14,10893.25,105.49,107.99,108.93
